<?xml version="1.0" encoding="utf-8"?>
<doctrine-mapping xmlns="http://doctrine-project.org/schemas/orm/doctrine-mapping" xmlns:xsi="http://www.w3.org/2001/XMLSchema-instance" xsi:schemaLocation="http://doctrine-project.org/schemas/orm/doctrine-mapping http://doctrine-project.org/schemas/orm/doctrine-mapping.xsd">
  <entity name="FriendzHub\SocialBundle\Entity\Registration" table="registration">
    <unique-constraints>
      <unique-constraint name="Username" columns="password"/>
      <unique-constraint name="Password" columns="first_name"/>
      <unique-constraint name="Email" columns="username"/>
    </unique-constraints>
    <id name="userId" type="integer" column="user_id">
      <generator strategy="IDENTITY"/>
    </id>
    <field name="username" type="string" column="username" length="50" nullable="false"/>
    <field name="password" type="string" column="password" length="30" nullable="false"/>
    <field name="firstName" type="string" column="first_name" length="30" nullable="false"/>
    <field name="lastName" type="string" column="last_name" length="20" nullable="false"/>
    <field name="gender" type="string" column="gender" length="10" nullable="false"/>
  </entity>
</doctrine-mapping>
